﻿Designator,Quantity,Value,Footprint,Package,MPN,DNP,Mount_Type,Mouser,Mouse_r2,Mouse_r3,Mouse_r4,Mouse_r5,Digikey,Digike_y2,Newark,LCSC,Koncar,MNF1_URL,Mouse_r1,LCS_C2,price1500_Mouser,AvnetEU,price100_AvnetEU,Mouser_URL,Description,Note,Side,MFG1,MFG2,MNF2_URL,MP_N2,MFG3,MNF3_URL,MP_N3,MFG4,MP_N4,MP_N5,Digike_y1,Vertical,price300_Vertical,price300_LCSC,DatasheetLC,LowCost,EMPTY_MPN,Datasheet2,MPN2,MPN3,Dtasheet4,MNF4_URL,MPN4,Mouse_1r,Digike_y3,price100_LCSC,Datasheet4,MPN5,Mouse_r0,Mouse_r6,Mouse_r7,price100_Mouse_r,LCS_C1,price500_LCSC,Dikike_y2,RS,price100_RS,Digikey2,FreelanceElec,price200_FreelanceElec,price100_Digikey
"C1, C5, C9",3,22uF,C_0805_2012Metric,,CC0805ZKY5V5BB226 ,,smt,81-GRM21BR61A226ME1L,81-GRM21BR61A226ME1K,81-GRM219R61C226ME5L,81-GRM188C60J226ME0J,963-LMK212BBJ226MG-T,1276-2413-1-ND,1276-2412-1-ND,08P5169,C29277,FC004,,,,,,,,,,,,,,,,,,,,,,,,,,,,,,,,,,,,,,,,,,,,,,,,,,,
"C10, C6",2,100pF,C_0603_1608Metric,,,,smt,,,,,,,,,,,,,,,,,,,,,,,,,,,,,,,,,,,,,,,,,,,,,,,,,,,,,,,,,,,,,
"C11, C12, C3, C4, C7, C8",6,22uF,C_0805_2012Metric,,,,smt,,,,,,,,,,,,,,,,,,,,,,,,,,,,,,,,,,,,,,,,,,,,,,,,,,,,,,,,,,,,,
"C13, C14, C15, C18, C21, C26, C27, C28, C29, C30, C31, C32, C33, C34, C35, C36, C48, C49, C50, C51, C52, C53",22,22nF,C_0603_1608Metric,,CX0603MRX7R8BB223,,smt,,,,,,,,,,,www.yageo.com,,,,,,,,,,,,,,,,,,,,,,,,,,,,,,,,,,,,,,,,,,,,,,,,,,
"C16, C17, C19, C20, C22, C23, C24",7,2.2uF,C_0805_2012Metric,,,,smt,,,,,,,,,,,,,,,,,,,,,,,,,,,,,,,,,,,,,,,,,,,,,,,,,,,,,,,,,,,,,
C2,1,100pF,C_0603_1608Metric,,CS0603KRX7R9BB471,,smt,581-06035A101JAT4A,603-CS0603KRX79BB471,603-CC603JRNPO9BN101,603-CC603KRX7R9BB471 ,,311-4078-1-ND,399-9086-1-ND,38K9273,C14665,FC006,www.yageo.com,710-885012206081,C22396,,,,,,,,,,,,,,,,,,,,,,,,,,,,,,,,,,,,,,,,,,,,,,,,
C25,1,22nF,C_0603_1608Metric,,CC0603JRX7R8BB223,,smt,603-CC603KRX7R7BB223,603-AC603KRX7R7BB223,710-885012206091,,,587-1238-1-ND,1276-2000-1-ND,82AC9346,C107137,FC003,,603-CC603JRX7R8BB223,,35.7$,,,,,,,,,,,,,,,,,,,,,,,,,,,,,,,,,,,,,,,,,,,,,,,
"D1, D2",2,STPS2L40AF,D_SMA,,STPS2L30AF,,smt,511-STPS2L40AF,,,,,497-12310-1-ND,,69AH2828,C111630,FV008,www.st.com,,,,STPS2L30AF,0.22121$,,,,,,,,,,,,,,,,,,,,,,,,,,,,,,,,,,,,,,,,,,,,,
D19,1,RED,LED_0805_2012Metric,,LTST-C170KRKT,,smt,,,,,,,,,,,www.liteon.com,,,,,,www.mouser.com,,,,,,,,,,,,,,,,,,,,,,,,,,,,,,,,,,,,,,,,,,,,
D3,1,YELLOW,LED_0805_2012Metric,,LTST-C170KRKT,,smt,,,,,,,,,,,www.liteon.com,,,,,,www.mouser.com,,,,,,,,,,,,,,,,,,,,,,,,,,,,,,,,,,,,,,,,,,,,
J1,1,Conn_01x13_Socket,PinHeader_1x13_P2.54mm_Horizontal,,,,tht,,,,,,,,,,,,,,,,,,"Generic connector, single row, 01x13, script generated",,,,,,,,,,,,,,,,,,,,,,,,,,,,,,,,,,,,,,,,,,,
J4,1,CONN_02X03,PinHeader_2x03_P2.54mm_Vertical,,,,tht,,,,,,,,,,,,,,,,,,,Leave empty,T,,,,,,,,,,,,,,,,,,,,,,,,,,,,,,,,,,,,,,,,,
L1,1,2.2uH,L_1008_1210,,DFE322512F-2R2M=P2,,smt,81-DFE322512F-2R2MP2,810-TFM322512ALMA2R2,81-DFE322520FD2R2MP2,,,445-TFM322512ALMA2R2MTAACT-ND,490-10649-1-ND,57AC6667,C285758,FL001,www.murata.com,710-74479299222,C285914,,,,,,,,Murata,Murata,www.murata.com,DFE252012P-2R2M=P2,Bourns,www.bourns.com,SRP2512A-2R2M,Chilisin Elec,HEI322512A-2R2M-Q8,81-LQH32PB2R2NN0L,490-18405-1-ND,DFE322512F-2R2M=P2,0.48360$,0.1082$,https://datasheet.octopart.com/LQH32PB2R2NN0L-Murata-datasheet-20916646.pdf,81-DFE252012P-2R2MP2,,,,,,,,,,,,,,,,,,,,,,,,,
"L2, L3",2,2.2uH,L_1008_1210,,,,smt,,,,,,,,,,,,,,,,,,,,,,,,,,,,,,,,,,,,,,,,,,,,,,,,,,,,,,,,,,,,,
"R1, R37",2,549,R_0603_1608Metric,,,,smt,,,,,,,,,,,,,,,,,,,,,,,,,,,,,,,,,,,,,,,,,,,,,,,,,,,,,,,,,,,,,
R11,1,10k,R_0603_1608Metric,,RC0603FR-0710KL,,smt,603-RC0603FR-0710KL,,,,,311-10KLMCT-ND,,94X1379,C15401,FR013,www.yageo.com,,,,,,,,,,,,,,,,,,,,,,,,,,,,,,,,,,,,,,,,,,,,,,,,,,
"R12, R27, R28",3,10k,R_0603_1608Metric,,,,smt,,,,,,,,,,,,,,,,,,,,,,,,,,,,,,,,,,,,,,,,,,,,,,,,,,,,,,,,,,,,,
R29,1,1.1k,R_0603_1608Metric,,,,smt,,,,,,,,,,,,,,,,,,,,,,,,,,,,,,,,,,,,,,,,,,,,,,,,,,,,,,,,,,,,,
"R30, RB2",2,4.7k,R_0603_1608Metric,,AC0603FR-104K7L,,smt,,,,,,,,,,,www.yageo.com,,,,,,,,,,,,,,,,,,,,,,,,,,,,,,,,,,,,,,,,,,,,,,,,,,
"R31, R32, R33, RA2, RA3",5,15k,R_0603_1608Metric,,,,smt,,,,,,,,,,,,,,,,,,,,,,,,,,,,,,,,,,,,,,,,,,,,,,,,,,,,,,,,,,,,,
"R49, R50",2,27,R_0603_1608Metric,,AC0603JR-0727RL,,smt,603-AC0603JR-0727RL,,,,,311-27.0HRCT-ND,,08AH8595,C325726,FR008,www.yageo.com,,,,,,,,,,,,,,,,,,,,,,,,,,,,,,,,,,,,,,,,,,,,,,,,,,
R9,1,15k,R_0603_1608Metric,,RC0603FR-0715KL,,smt,603-AC0603FR-1015KL,603-RC0603FR-1015KL,603-RC0603FR-1315KL,,,YAG3569CT-ND,,94X1443,C217750,FR005,www.yageo.com,603-RC0603FR-0715KL,,8.4$,,,,,,,,,,,,,,,,,,,,,,,,,,,,,,,,,,,,,,,,,,,,,,,
RA1,1,15k,R_0603_1608Metric,,RC0603FR-1015KL,,smt,,,,,,,,,,,www.yageo.com,,,,,,,,,,,,,,,,,,,,,,,,,,,,,,,,,,,,,,,,,,,,,,,,,,
RB1,1,18k,R_0603_1608Metric,,RC0603FR-1018KL,,smt,71-CRCW060318K0FKEAC,,,,, 311-18.0KHRCT-ND,,94X1474,C425614,FR006,www.yageo.com,,,,,,,,,,,,,,,,,,,,,,,,,,,,,,,,,,,,,,,,,,,,,,,,,,
RB3,1,3.3k,R_0603_1608Metric,,RT0603FRE073K3L,,smt,603-RC0603FR-073K3L,603-RC0603FR-103K3L,,,,YAG3605CT-ND,,94X1577,C425629,FR009,www.yageo.com,,,,,,,,,,,,,,,,,,,,,,,,,,,,,,,,,,,,,,,,,,,,,,,,,,
"RP1, RP2, RP3",3,0,R_0805_2012Metric_Pad1.29x1.40mm_HandSolder_Jumper_NC,,,,tht,,603-RC0805JR-070RL,652-CR0805-J/-000ELF,,,,,,,,www.yageo.com,71-RCG08050000Z0EA,,,,,www.mouser.com,,Leave empty,,,,,,,,,,,,YAG1327CT-ND,,,,,,RC0805JR-070RL,,,,,,,,,,,,,,,,,,,,,,,,
U1,1,LFE5U-85F-8BG381I,BGA-381_pitch0.8mm_dia0.4mm,,LFE5U-85F-8BG381I,,smt,,,,,,,,,,,,,,,,,,,,,,,,,,,,,,,,,,,,,,,,,,,,,,,,,,,,,,,,,,,,,
U10,1,IS25LP128F-JBLE,SOA008-150-208mil,,IS25LP128F-JBLE,,smt,454-W25Q128JVSIMTR,,454-W25Q128JVSIQTR,,,W25Q128JVSIQCT-ND ,IS25LP128F-JBLE-ND,38AC3510,C113767,FU003,www.issi.com,,,,,,,,,,,,www.issi.com,,,www.issi.com,,,,,,,,,,870-IS25LP032DJBLETR,,http://www.issi.com/WW/pdf/25LP-WP032D.pdf,IS25LP032D-JNLE-TR,IS25LP032D-JNLA3,https://www.winbond.com/resource-files/w25q128jv%20spi%20revc%2011162016.pdf,www.winbond.com,W25Q128JVSIM,727-S25FL128LAMFV013,706-1607-1-ND,0.7796$,,,,,,,,,,,,,,,
"U11, U12, U13, U14, U8, U9",6,SN74LVC8T245,DBQ24-L,,,,smt,,,,,,,,,,,,,,,,,,8-Bit Dual-Supply Bus Transceiver With Configurable Voltage Translation and 3-State Outputs,,,,,,,,,,,,,,,,,,,,,,,,,,,,,,,,,,,,,,,,,,,
U2,1,MT48LC16M16A2TG,TSOP54,,MT48LC16M16A2TG-6A,,smt,870-IS42S16160G7TLTR,913-4816M16A2TG6AGTR,870-42S16320F7TL,454-W9825G6KH-5,454-W9825G6KH-6,1450-1385-1-ND,1450-1352-1-ND,,C492195,FU007,www.micron.com,913-4C16M16SA-6TCNTR,,,,,,,,T,Micron,ISSI,www.issi.com,,Winbond,,W9812G6KH-6,Alliance,,,,,,,,,,,IS42S16160G-7TL-TR,,,,AS4C32M16SB-7TCN,,,,https://www.alliancememory.com/wp-content/uploads/pdf/dram/512M%20SDRAM_%20B%20die_AS4C32M16SB-7TCN-7TIN-6TIN_Rev%201.0%20June%202016.pdf,M12L2561616A-6TG2T,913-AS4C32M16SB-7TCN,340-128308-REEL,870-IS42S16160G7TLTR,2.3€,C524867,0.9227$,,,,,,,
"U3, U4, U5",3,TLV62569DBV,TSOT-25,,TLV62569DBVR,,smt,"[U3]453-DIO6015BCST5; [U4,U5]595-TLV62569DBVR",595-TLV62566DBVR,595-TLV62565DBVR,453-DIO6012BCST6,453-DIO6015BCST5,296-47360-1-ND,,54AH1585,C141836,FU009,www.ti.com,595-TLV62569DBVR,,,,,,,,,TI,DIOO,www.dioo.com,,,,,,,,,,,,http://www.dioo.com/attachments/files/20161031180022_361.pdf,453-DIO6015BCST5,,,DIO6015BCST5,,,,,,,0.1843$,,,595-TLV62569DBVT,,,,,,,,,,,,
U6,1,FT231XQ,FT231X-QFN-20-1EP_4x4mm_P0.5mm_EP2x2mm,,FT231XQ,,smt,895-FT231XQ-R,895-FT231XQ-T,,,,768-1128-1-ND,,83T7088,C132159,FU002,www.ftdichip.com,,,,,,,,,,,,,,,,,,,,,,,,,,,,,,,,,,,,,,,,,,,,768-1155-ND,7570032,1.86$,,,,
US1,1,MICRO_USB,USB-MICRO-B-FCI-10118192-0001LF,,10118192-0001LF,,smt,649-10118192-0001LF ,490-UJ2-MIBH-G-SMTTR,,,,609-4613-1-ND,,47M0505,C132564,FU010,www.fciconnect.com,538-47346-0001,,,,,,,,T,FCI,Molex,www.molex.com,,,,,,,,,,,,,,,https://www.molex.com/pdm_docs/sd/473460001_sd.pdf,47346-0001,,,,,,,,,,,,,,,,,,,WM17141CT-ND,10118192-0001LF,0.12487$,
Y1,1,FNETHE025,Crystal_SMD_7050_4Pads,,FNETHE025,,smt,729-FNETHE025,788-8008BC8133E25X ,,,,3305-7050XOM2500BMD13CCC-CT-ND,,80AC8624,C390569,FQ001,www.diodes.com,,,,,,,,,T,,,,,,https://datasheet.lcsc.com/szlcsc/1912111437_Shenzhen-SCTF-Elec-S7D25-000000D20F30T_C387026.pdf,,,,,FNETHE025CT-ND,,,,,,,,SiT8008BC-81-33E-25.000000X,S7D25.000000D20F30T,,,,,,,,,,,,,,,,,,,,,0.7942$
